<?xml version="1.0" encoding="UTF-8"?>
<XMI xmi.version="1.1" xmlns:UML="href://org.omg/UML/1.3"><XMI.header><XMI.documentation><XMI.owner></XMI.owner><XMI.contact></XMI.contact><XMI.exporter>StarUML.XMI-Addin</XMI.exporter><XMI.exporterVersion>1.0</XMI.exporterVersion><XMI.notice></XMI.notice></XMI.documentation><XMI.metamodel xmi.name="UML" xmi.version="1.3"/></XMI.header><XMI.content><UML:Model xmi.id="UMLProject.1"><UML:Namespace.ownedElement><UML:Model xmi.id="UMLModel.2" name="Use Case View" visibility="public" isSpecification="false" namespace="UMLProject.1" isRoot="false" isLeaf="false" isAbstract="false"/><UML:Model xmi.id="UMLModel.3" name="Logical View" visibility="public" isSpecification="false" namespace="UMLProject.1" isRoot="false" isLeaf="false" isAbstract="false"><UML:Namespace.ownedElement><UML:Class xmi.id="UMLClass.4" name="TV name" visibility="public" isSpecification="false" namespace="UMLModel.3" isRoot="false" isLeaf="false" isAbstract="false" isActive="false"><UML:Classifier.feature><UML:Attribute xmi.id="UMLAttribute.5" name="Name" visibility="public" isSpecification="false" ownerScope="instance" changeability="changeable" targetScope="instance" type="" owner="UMLClass.4"/></UML:Classifier.feature></UML:Class><UML:Class xmi.id="UMLClass.6" name="Cost" visibility="public" isSpecification="false" namespace="UMLModel.3" isRoot="false" isLeaf="false" isAbstract="false" isActive="false"><UML:Classifier.feature><UML:Attribute xmi.id="UMLAttribute.7" name="Spot" visibility="public" isSpecification="false" ownerScope="instance" changeability="changeable" targetScope="instance" type="" owner="UMLClass.6"/><UML:Attribute xmi.id="UMLAttribute.8" name="Cashless" visibility="public" isSpecification="false" ownerScope="instance" changeability="changeable" targetScope="instance" type="" owner="UMLClass.6"/></UML:Classifier.feature></UML:Class><UML:Class xmi.id="UMLClass.9" name="TV name" visibility="public" isSpecification="false" namespace="UMLModel.3" isRoot="false" isLeaf="false" isAbstract="false" isActive="false"><UML:Classifier.feature><UML:Attribute xmi.id="UMLAttribute.10" name="Name" visibility="public" isSpecification="false" ownerScope="instance" changeability="changeable" targetScope="instance" type="" owner="UMLClass.9"/></UML:Classifier.feature></UML:Class><UML:Class xmi.id="UMLClass.11" name="Diagonal" visibility="public" isSpecification="false" namespace="UMLModel.3" isRoot="false" isLeaf="false" isAbstract="false" isActive="false"><UML:Classifier.feature><UML:Attribute xmi.id="UMLAttribute.12" name="inches" visibility="public" isSpecification="false" ownerScope="instance" changeability="changeable" targetScope="instance" type="" owner="UMLClass.11"/><UML:Attribute xmi.id="UMLAttribute.13" name="centimeters" visibility="public" isSpecification="false" ownerScope="instance" changeability="changeable" targetScope="instance" type="" owner="UMLClass.11"/></UML:Classifier.feature></UML:Class><UML:Class xmi.id="UMLClass.14" name="TV name" visibility="public" isSpecification="false" namespace="UMLModel.3" isRoot="false" isLeaf="false" isAbstract="false" isActive="false"><UML:Classifier.feature><UML:Attribute xmi.id="UMLAttribute.15" name="Name" visibility="public" isSpecification="false" ownerScope="instance" changeability="changeable" targetScope="instance" type="" owner="UMLClass.14"/></UML:Classifier.feature></UML:Class><UML:Class xmi.id="UMLClass.16" name="Height" visibility="public" isSpecification="false" namespace="UMLModel.3" isRoot="false" isLeaf="false" isAbstract="false" isActive="false"><UML:Classifier.feature><UML:Attribute xmi.id="UMLAttribute.17" name="inches" visibility="public" isSpecification="false" ownerScope="instance" changeability="changeable" targetScope="instance" type="" owner="UMLClass.16"/><UML:Attribute xmi.id="UMLAttribute.18" name="centimeters" visibility="public" isSpecification="false" ownerScope="instance" changeability="changeable" targetScope="instance" type="" owner="UMLClass.16"/></UML:Classifier.feature></UML:Class><UML:Class xmi.id="UMLClass.19" name="TV name" visibility="public" isSpecification="false" namespace="UMLModel.3" isRoot="false" isLeaf="false" isAbstract="false" isActive="false"><UML:Classifier.feature><UML:Attribute xmi.id="UMLAttribute.20" name="Name" visibility="public" isSpecification="false" ownerScope="instance" changeability="changeable" targetScope="instance" type="" owner="UMLClass.19"/></UML:Classifier.feature></UML:Class><UML:Class xmi.id="UMLClass.21" name="Width" visibility="public" isSpecification="false" namespace="UMLModel.3" isRoot="false" isLeaf="false" isAbstract="false" isActive="false"><UML:Classifier.feature><UML:Attribute xmi.id="UMLAttribute.22" name="centimeters" visibility="public" isSpecification="false" ownerScope="instance" changeability="changeable" targetScope="instance" type="" owner="UMLClass.21"/><UML:Attribute xmi.id="UMLAttribute.23" name="inches" visibility="public" isSpecification="false" ownerScope="instance" changeability="changeable" targetScope="instance" type="" owner="UMLClass.21"/></UML:Classifier.feature></UML:Class><UML:Association xmi.id="UMLAssociation.24" name="has_a_G001" visibility="public" isSpecification="false" namespace="UMLModel.3"><UML:Association.connection><UML:AssociationEnd xmi.id="UMLAssociationEnd.25" name="" visibility="public" isSpecification="false" isNavigable="false" ordering="unordered" aggregation="none" targetScope="instance" changeability="changeable" association="UMLAssociation.24" type="UMLClass.4"/><UML:AssociationEnd xmi.id="UMLAssociationEnd.26" name="" visibility="public" isSpecification="false" isNavigable="true" ordering="unordered" aggregation="none" targetScope="instance" changeability="changeable" association="UMLAssociation.24" type="UMLClass.6"/></UML:Association.connection></UML:Association><UML:Association xmi.id="UMLAssociation.27" name="has_a_G001" visibility="public" isSpecification="false" namespace="UMLModel.3"><UML:Association.connection><UML:AssociationEnd xmi.id="UMLAssociationEnd.28" name="" visibility="public" isSpecification="false" isNavigable="false" ordering="unordered" aggregation="none" targetScope="instance" changeability="changeable" association="UMLAssociation.27" type="UMLClass.4"/><UML:AssociationEnd xmi.id="UMLAssociationEnd.29" name="" visibility="public" isSpecification="false" isNavigable="true" ordering="unordered" aggregation="none" targetScope="instance" changeability="changeable" association="UMLAssociation.27" type="UMLClass.11"/></UML:Association.connection></UML:Association><UML:Association xmi.id="UMLAssociation.30" name="has_a_G001" visibility="public" isSpecification="false" namespace="UMLModel.3"><UML:Association.connection><UML:AssociationEnd xmi.id="UMLAssociationEnd.31" name="" visibility="public" isSpecification="false" isNavigable="false" ordering="unordered" aggregation="none" targetScope="instance" changeability="changeable" association="UMLAssociation.30" type="UMLClass.4"/><UML:AssociationEnd xmi.id="UMLAssociationEnd.32" name="" visibility="public" isSpecification="false" isNavigable="true" ordering="unordered" aggregation="none" targetScope="instance" changeability="changeable" association="UMLAssociation.30" type="UMLClass.16"/></UML:Association.connection></UML:Association><UML:Association xmi.id="UMLAssociation.33" name="has_a_G001" visibility="public" isSpecification="false" namespace="UMLModel.3"><UML:Association.connection><UML:AssociationEnd xmi.id="UMLAssociationEnd.34" name="" visibility="public" isSpecification="false" isNavigable="false" ordering="unordered" aggregation="none" targetScope="instance" changeability="changeable" association="UMLAssociation.33" type="UMLClass.4"/><UML:AssociationEnd xmi.id="UMLAssociationEnd.35" name="" visibility="public" isSpecification="false" isNavigable="true" ordering="unordered" aggregation="none" targetScope="instance" changeability="changeable" association="UMLAssociation.33" type="UMLClass.21"/></UML:Association.connection></UML:Association></UML:Namespace.ownedElement></UML:Model><UML:Model xmi.id="UMLModel.36" name="Component View" visibility="public" isSpecification="false" namespace="UMLProject.1" isRoot="false" isLeaf="false" isAbstract="false"/><UML:Model xmi.id="UMLModel.37" name="Deployment View" visibility="public" isSpecification="false" namespace="UMLProject.1" isRoot="false" isLeaf="false" isAbstract="false"/></UML:Namespace.ownedElement></UML:Model></XMI.content></XMI>
